rm00,rm01,rm02,rm03,rm04,rm05,rm06,rm07,rm08,rm09,rm10,rm11,rm12,rm13,rm14,rm15,rm16,rm17,rm18,rm19,rm20,date
1.1366666666666667,1.1366666666666667,1.1366666666666667,1.1366666666666667,1.1366666666666667,1.1366666666666667,1.1366666666666667,1.1366666666666667,1.1366666666666667,1.1366666666666667,1.1366666666666667,1.1366666666666667,1.1366666666666667,1.1366666666666667,1.1366666666666667,1.1366666666666667,1.1366666666666667,1.1366666666666667,1.1366666666666667,1.1366666666666667,1.1366666666666667,2018-10-26 13:00:00
1.1366666666666667,1.1366666666666667,1.1366666666666667,1.1366666666666667,1.1366666666666667,1.1366666666666667,1.1366666666666667,1.1366666666666667,1.1366666666666667,1.1366666666666667,1.1366666666666667,1.1366666666666667,1.1366666666666667,1.1366666666666667,1.1366666666666667,1.1366666666666667,1.1366666666666667,1.1366666666666667,1.1366666666666667,1.1366666666666667,1.1366666666666667,2018-10-26 14:00:00
1.1366666666666667,1.1366666666666667,1.1366666666666667,1.1366666666666667,1.1366666666666667,1.1366666666666667,1.1366666666666667,1.1366666666666667,1.1366666666666667,1.1366666666666667,1.1366666666666667,1.1366666666666667,1.1366666666666667,1.1366666666666667,1.1366666666666667,1.1366666666666667,1.1366666666666667,1.1366666666666667,1.1366666666666667,1.1366666666666667,1.1366666666666667,2018-10-26 15:00:00
1.1366666666666667,1.1366666666666667,1.1366666666666667,1.1366666666666667,1.1366666666666667,1.1366666666666667,1.1366666666666667,1.1366666666666667,1.1366666666666667,1.1366666666666667,1.1366666666666667,1.1366666666666667,1.1366666666666667,1.1366666666666667,1.1366666666666667,1.1366666666666667,1.1366666666666667,1.1366666666666667,1.1366666666666667,1.1366666666666667,1.1366666666666667,2018-10-26 16:00:00
1.1366666666666667,1.1366666666666667,1.1366666666666667,1.1366666666666667,1.1366666666666667,1.1366666666666667,1.1366666666666667,1.1366666666666667,1.1366666666666667,1.1366666666666667,1.1366666666666667,1.1366666666666667,1.1366666666666667,1.1366666666666667,1.1366666666666667,1.1366666666666667,1.1366666666666667,1.1366666666666667,1.1366666666666667,1.1366666666666667,1.1366666666666667,2018-10-26 17:00:00
1.1366666666666667,1.1366666666666667,1.1366666666666667,1.1366666666666667,1.1366666666666667,1.1366666666666667,1.1366666666666667,1.1366666666666667,1.1366666666666667,1.1366666666666667,1.1366666666666667,1.1366666666666667,1.1366666666666667,1.1366666666666667,1.1366666666666667,1.1366666666666667,1.1366666666666667,1.1366666666666667,1.1366666666666667,1.1366666666666667,1.1366666666666667,2018-10-26 18:00:00
1.1366666666666667,1.1366666666666667,1.1366666666666667,1.1366666666666667,1.1366666666666667,1.1366666666666667,1.1366666666666667,1.1366666666666667,1.1366666666666667,1.1366666666666667,1.1366666666666667,1.1366666666666667,1.1366666666666667,1.1366666666666667,1.1366666666666667,1.1366666666666667,1.1366666666666667,1.1366666666666667,1.1366666666666667,1.1366666666666667,1.1366666666666667,2018-10-26 19:00:00
1.1366666666666667,1.1366666666666667,1.1366666666666667,1.1366666666666667,1.1366666666666667,1.1366666666666667,1.1366666666666667,1.1366666666666667,1.1366666666666667,1.1366666666666667,1.1366666666666667,1.1366666666666667,1.1366666666666667,1.1366666666666667,1.1366666666666667,1.1366666666666667,1.1366666666666667,1.1366666666666667,1.1366666666666667,1.1366666666666667,1.1366666666666667,2018-10-26 20:00:00
1.1366666666666667,1.1366666666666667,1.1366666666666667,1.1366666666666667,1.1366666666666667,1.1366666666666667,1.1366666666666667,1.1366666666666667,1.1366666666666667,1.1366666666666667,1.1366666666666667,1.1366666666666667,1.1366666666666667,1.1366666666666667,1.1366666666666667,1.1366666666666667,1.1366666666666667,1.1366666666666667,1.1366666666666667,1.1366666666666667,1.1366666666666667,2018-10-26 21:00:00
1.1366666666666667,1.1366666666666667,1.1366666666666667,1.1366666666666667,1.1366666666666667,1.1366666666666667,1.1366666666666667,1.1366666666666667,1.1366666666666667,1.1366666666666667,1.1366666666666667,1.1366666666666667,1.1366666666666667,1.1366666666666667,1.1366666666666667,1.1366666666666667,1.1366666666666667,1.1366666666666667,1.1366666666666667,1.1366666666666667,1.1366666666666667,2018-10-26 22:00:00
1.1366666666666667,1.1366666666666667,1.1366666666666667,1.1366666666666667,1.1366666666666667,1.1366666666666667,1.1366666666666667,1.1366666666666667,1.1366666666666667,1.1366666666666667,1.1366666666666667,1.1366666666666667,1.1366666666666667,1.1366666666666667,1.1366666666666667,1.1366666666666667,1.1366666666666667,1.1366666666666667,1.1366666666666667,1.1366666666666667,1.1366666666666667,2018-10-26 23:00:00
1.1366666666666667,1.1366666666666667,1.1366666666666667,1.1366666666666667,1.1366666666666667,1.1366666666666667,1.1366666666666667,1.1366666666666667,1.1366666666666667,1.1366666666666667,1.1366666666666667,1.1366666666666667,1.1366666666666667,1.1366666666666667,1.1366666666666667,1.1366666666666667,1.1366666666666667,1.1366666666666667,1.1366666666666667,1.1366666666666667,1.1366666666666667,2018-10-27 00:00:00
1.1366666666666667,1.1366666666666667,1.1366666666666667,1.1366666666666667,1.1366666666666667,1.2916666666666667,1.1366666666666667,1.1366666666666667,1.1366666666666667,1.1366666666666667,1.1366666666666667,1.1366666666666667,1.1366666666666667,1.1366666666666667,1.1366666666666667,1.1366666666666667,1.1366666666666667,1.1366666666666667,1.1366666666666667,1.1366666666666667,1.1366666666666667,2018-10-27 01:00:00
1.1883333333333332,1.1366666666666667,1.1366666666666667,1.1366666666666667,1.1883333333333332,1.705,1.1366666666666667,1.1883333333333332,1.1883333333333332,1.1883333333333332,1.1366666666666667,1.1883333333333332,1.1883333333333332,1.1366666666666667,1.1366666666666667,1.1366666666666667,1.1366666666666667,1.1366666666666667,1.24,1.1366666666666667,1.1366666666666667,2018-10-27 02:00:00
1.4466666666666665,1.1366666666666667,1.1366666666666667,1.1366666666666667,1.3433333333333335,2.5833333333333335,1.1883333333333332,1.3433333333333335,1.5499999999999998,1.4466666666666665,1.1366666666666667,1.4466666666666665,1.2916666666666667,1.1366666666666667,1.1883333333333332,1.1883333333333332,1.1883333333333332,1.1366666666666667,1.395,1.1366666666666667,1.24,2018-10-27 03:00:00
1.7566666666666668,1.1883333333333332,1.1366666666666667,1.24,1.5499999999999998,4.03,1.4466666666666665,1.5499999999999998,2.4283333333333332,2.118333333333333,1.1366666666666667,2.015,1.705,1.1366666666666667,1.4466666666666665,1.395,1.2916666666666667,1.1366666666666667,1.8083333333333333,1.1366666666666667,1.3433333333333335,2018-10-27 04:00:00
2.3766666666666665,1.6533333333333333,1.1366666666666667,1.6533333333333333,1.8083333333333333,5.373333333333334,1.9633333333333332,1.8083333333333333,4.391666666666667,2.996666666666666,1.5499999999999998,2.945,2.48,1.2916666666666667,2.2216666666666662,2.015,1.6016666666666666,1.395,2.48,1.1366666666666667,1.8083333333333333,2018-10-27 05:00:00
3.41,2.893333333333333,1.1883333333333332,2.48,2.5316666666666667,6.613333333333333,3.1516666666666664,2.0666666666666664,6.665,3.9266666666666663,2.893333333333333,4.185,3.771666666666666,1.5499999999999998,3.565,3.0999999999999996,2.48,2.0666666666666664,3.3066666666666666,1.1366666666666667,2.686666666666667,2018-10-27 06:00:00
4.805000000000001,4.391666666666667,1.6016666666666666,3.3583333333333334,3.8233333333333337,7.801666666666666,4.96,2.2733333333333334,8.989999999999998,4.805000000000001,4.701666666666666,5.683333333333333,5.941666666666666,2.118333333333333,5.115,4.6499999999999995,3.668333333333333,3.3583333333333334,4.185,1.1366666666666667,3.8233333333333337,2018-10-27 07:00:00
6.044999999999999,5.993333333333332,2.3766666666666665,4.081666666666666,5.373333333333334,9.351666666666667,6.923333333333334,2.686666666666667,12.348333333333333,5.683333333333333,6.665,6.923333333333334,8.318333333333333,2.7383333333333333,6.148333333333333,6.148333333333333,4.546666666666667,4.753333333333333,4.96,1.1366666666666667,4.753333333333333,2018-10-27 08:00:00
7.078333333333332,7.646666666666667,2.893333333333333,4.34,6.665,10.436666666666666,8.473333333333333,3.565,17.618333333333332,6.406666666666666,8.886666666666665,7.698333333333332,10.591666666666665,3.255,6.665,6.923333333333334,5.631666666666667,5.89,5.476666666666667,1.1366666666666667,5.683333333333333,2018-10-27 09:00:00
8.421666666666667,8.938333333333334,3.1516666666666664,4.391666666666667,7.749999999999999,10.85,10.281666666666665,4.34,23.198333333333334,6.7683333333333335,10.694999999999999,8.318333333333333,13.071666666666665,3.668333333333333,7.543333333333332,6.9750000000000005,6.5616666666666665,7.026666666666667,6.148333333333333,1.1366666666666667,6.923333333333334,2018-10-27 10:00:00
9.351666666666667,9.92,3.8233333333333337,4.34,9.196666666666667,11.004999999999999,14.105,4.96,30.845,7.233333333333333,12.245,9.299999999999999,16.636666666666667,4.133333333333333,8.525,7.181666666666667,7.181666666666667,7.956666666666666,6.871666666666667,1.1366666666666667,8.06,2018-10-27 11:00:00
10.23,11.625,4.701666666666666,4.288333333333333,11.469999999999999,10.953333333333333,21.28666666666667,5.425,44.27833333333333,8.008333333333333,15.655,10.643333333333334,23.56,4.598333333333334,9.351666666666667,7.801666666666666,7.336666666666666,8.525,7.594999999999999,1.24,10.126666666666667,2018-10-27 12:00:00
11.573333333333332,14.518333333333334,5.011666666666666,4.236666666666666,14.569999999999999,10.85,31.93,5.838333333333333,59.985,9.041666666666666,20.253333333333334,12.451666666666668,31.516666666666666,5.166666666666667,9.764999999999999,8.886666666666665,7.491666666666665,8.835,8.111666666666666,1.498333333333333,12.296666666666667,2018-10-27 13:00:00
12.555,20.56333333333333,5.011666666666666,4.236666666666666,19.375,10.901666666666667,47.12,6.251666666666666,65.51333333333334,10.075,25.781666666666666,15.241666666666665,38.69833333333334,5.425,10.23,10.643333333333334,7.543333333333332,8.835,8.628333333333332,1.8083333333333333,13.795,2018-10-27 14:00:00
13.485,32.446666666666665,4.96,4.288333333333333,33.221666666666664,10.798333333333332,60.19166666666666,6.613333333333333,65.20333333333333,10.23,28.726666666666667,17.566666666666666,42.67666666666666,5.528333333333333,11.211666666666666,12.193333333333333,7.491666666666665,9.041666666666666,9.351666666666667,2.3766666666666665,15.448333333333332,2018-10-27 15:00:00
14.88,59.77833333333333,5.0633333333333335,4.34,57.711666666666666,11.263333333333334,81.58166666666666,6.9750000000000005,67.37333333333333,10.488333333333333,28.778333333333336,20.87333333333333,46.39666666666667,5.89,12.865,15.603333333333332,7.44,9.558333333333334,10.023333333333332,3.3583333333333334,18.445,2018-10-27 16:00:00
18.91,87.62666666666667,5.528333333333333,4.391666666666667,74.865,13.691666666666666,105.65833333333333,7.646666666666667,70.68,11.935,26.918333333333333,26.14333333333333,52.13166666666667,6.9750000000000005,16.895,24.179999999999996,7.491666666666665,10.694999999999999,10.488333333333333,5.27,20.046666666666663,2018-10-27 17:00:00
24.386666666666667,100.38833333333334,6.303333333333333,4.4433333333333325,80.6,19.581666666666667,121.93333333333332,8.421666666666667,71.40333333333332,14.673333333333332,24.851666666666667,34.254999999999995,61.06999999999999,9.661666666666667,24.645,36.89,7.801666666666666,13.536666666666667,10.901666666666667,6.871666666666667,20.356666666666662,2018-10-27 18:00:00
30.741666666666664,104.67666666666665,7.181666666666667,4.598333333333334,85.55999999999999,28.52,136.91666666666666,9.041666666666666,69.49166666666666,18.96166666666667,23.25,40.92,71.19666666666667,14.621666666666668,31.154999999999998,50.684999999999995,8.37,16.843333333333334,11.831666666666665,8.938333333333334,21.493333333333336,2018-10-27 19:00:00
34.61666666666667,106.69166666666666,7.904999999999999,4.908333333333333,95.58333333333333,35.34,146.06166666666667,9.455,69.02666666666666,23.456666666666663,22.939999999999998,44.846666666666664,88.505,22.681666666666665,36.166666666666664,62.25833333333333,8.886666666666665,22.88833333333333,12.865,15.293333333333335,23.87,2018-10-27 20:00:00
36.63166666666667,106.89833333333333,8.68,5.27,98.52833333333332,39.111666666666665,149.73,9.868333333333332,69.07833333333333,26.97,23.97333333333333,48.618333333333325,101.11166666666665,31.516666666666666,42.211666666666666,71.86833333333333,9.351666666666667,29.656666666666663,14.053333333333335,26.401666666666667,27.745,2018-10-27 21:00:00
41.901666666666664,105.96833333333333,9.506666666666666,5.58,100.33666666666666,40.765,149.5233333333333,10.798333333333332,70.36999999999999,30.379999999999995,25.678333333333335,52.441666666666656,107.88,42.315,47.53333333333333,82.82166666666667,10.075,38.64666666666667,16.74,36.06333333333333,31.775,2018-10-27 22:00:00
49.135,103.43666666666665,10.591666666666665,5.838333333333333,105.81333333333333,43.141666666666666,148.07666666666665,12.399999999999999,72.54,35.28833333333333,28.31333333333333,55.23166666666666,110.205,53.11333333333333,50.32333333333334,92.01833333333333,10.385,44.43333333333333,20.046666666666663,41.385,35.65,2018-10-27 23:00:00
50.891666666666666,100.64666666666668,11.16,6.096666666666667,111.70333333333332,47.791666666666664,146.475,13.536666666666667,75.38166666666666,38.905,32.86,59.313333333333325,110.15333333333331,59.88166666666667,52.699999999999996,96.40999999999998,10.436666666666666,48.876666666666665,24.49,49.031666666666666,38.336666666666666,2018-10-28 00:00:00
51.25333333333333,97.75333333333333,12.245,6.303333333333333,113.09833333333333,52.49333333333333,145.28666666666666,13.846666666666668,79.56666666666666,42.056666666666665,39.111666666666665,61.99999999999999,107.77666666666666,62.10333333333333,53.061666666666675,101.47333333333333,10.436666666666666,52.39,33.37666666666666,63.60166666666666,38.80166666666666,2018-10-28 01:00:00
53.88833333333333,96.40999999999998,15.241666666666665,6.5616666666666665,108.29333333333334,56.62666666666666,143.3233333333333,15.189999999999998,85.14666666666668,45.053333333333335,47.791666666666664,64.22166666666666,104.52166666666668,66.85666666666667,53.474999999999994,107.31166666666665,10.694999999999999,55.18,43.50333333333334,81.99499999999999,40.248333333333335,2018-10-28 02:00:00
60.605,101.11166666666665,23.095,6.871666666666667,101.05999999999999,62.051666666666655,139.44833333333332,20.046666666666663,88.66,47.895,56.26499999999999,72.28166666666667,102.55833333333334,84.475,55.12833333333333,111.70333333333332,11.625,55.955,52.08,101.78333333333333,46.655,2018-10-28 03:00:00
72.12666666666667,109.32666666666667,33.118333333333325,7.13,96.97833333333331,68.30333333333333,140.06833333333336,26.918333333333333,93.155,53.01,68.45833333333333,88.14333333333333,99.82,106.74333333333333,56.98833333333333,116.45666666666666,12.813333333333333,54.87,60.86333333333333,122.605,55.334999999999994,2018-10-28 04:00:00
79.15333333333332,116.55999999999999,40.66166666666667,7.233333333333333,95.945,74.45166666666665,141.1016666666667,32.80833333333333,102.09333333333333,55.800000000000004,87.83333333333333,105.65833333333333,96.30666666666667,130.45833333333331,57.55666666666667,121.62333333333333,15.293333333333335,56.72999999999999,71.71333333333334,151.12499999999997,63.08499999999999,2018-10-28 05:00:00
81.21999999999998,116.405,47.584999999999994,7.233333333333333,96.51333333333334,78.06833333333333,143.3233333333333,40.3,111.03166666666667,52.28666666666666,113.14999999999999,111.91,95.99666666666667,147.35333333333332,57.55666666666667,124.51666666666667,18.96166666666667,61.225,86.64499999999998,184.45,66.23666666666665,2018-10-28 06:00:00
80.6,110.66999999999999,52.39,7.233333333333333,98.89,80.03166666666667,152.88166666666663,51.97666666666667,113.56333333333333,48.10166666666666,142.70333333333332,112.11666666666666,99.76833333333333,153.295,58.84833333333333,130.71666666666664,23.404999999999998,63.86,102.14499999999998,224.80166666666665,67.83833333333334,2018-10-28 07:00:00
81.32333333333334,103.74666666666666,59.985,7.233333333333333,101.88666666666666,82.46,162.80166666666668,66.75333333333332,111.54833333333335,44.071666666666665,170.24166666666665,105.34833333333333,101.88666666666666,156.75666666666666,59.571666666666665,146.21666666666667,27.435,64.48,113.82166666666667,258.075,72.74666666666667,2018-10-28 08:00:00
81.375,100.13000000000001,77.91333333333333,7.233333333333333,117.69666666666666,83.28666666666666,177.73333333333332,78.99833333333333,111.96166666666666,40.50666666666667,196.90166666666667,97.39166666666667,95.42833333333333,156.085,60.08833333333333,159.49499999999998,29.656666666666663,63.91166666666667,118.52333333333333,261.2783333333333,79.92833333333333,2018-10-28 09:00:00
82.20166666666667,103.23,103.48833333333333,7.233333333333333,143.78833333333333,80.85833333333332,191.99333333333334,86.64499999999998,114.59666666666666,37.251666666666665,216.22499999999997,91.29499999999999,88.29833333333333,154.48333333333335,60.86333333333333,170.86166666666665,28.829999999999995,63.34333333333333,116.405,248.15499999999997,90.57166666666667,2018-10-28 10:00:00
85.09499999999998,103.23,131.02666666666667,7.233333333333333,183.26166666666666,74.60666666666665,196.0233333333333,90.62333333333333,114.02833333333332,34.358333333333334,225.37,86.18,81.78833333333334,145.7,65.04833333333333,182.64166666666665,27.073333333333334,67.32166666666667,111.91,228.8833333333333,100.59499999999998,2018-10-28 11:00:00
84.63,95.42833333333333,174.53,7.233333333333333,228.26333333333332,71.35166666666666,196.74666666666667,94.29166666666666,110.205,31.775,240.86999999999998,80.75500000000001,76.98333333333333,137.17499999999998,73.72833333333332,186.67166666666665,26.505,70.73166666666667,110.825,211.21333333333334,107.05333333333333,2018-10-28 12:00:00
82.66666666666667,88.195,231.46666666666667,7.181666666666667,260.6583333333333,67.94166666666666,197.57333333333332,95.68666666666665,103.17833333333333,29.86333333333333,259.625,76.05333333333333,74.81333333333333,128.75333333333333,79.66999999999999,180.98833333333334,25.523333333333333,72.59166666666667,109.01666666666665,194.21499999999997,105.03833333333333,2018-10-28 13:00:00
79.61833333333333,83.545,290.47,7.181666666666667,267.6333333333333,63.29166666666667,187.8083333333333,96.875,95.32499999999999,29.139999999999997,269.80333333333334,71.55833333333334,74.91666666666666,119.29833333333333,74.14166666666667,173.445,26.298333333333332,76.88000000000001,109.01666666666665,178.66333333333333,97.80499999999999,2018-10-28 14:00:00
78.17166666666667,82.15,338.83,7.233333333333333,250.68666666666667,59.209999999999994,172.56666666666666,90.83,89.53833333333334,27.693333333333335,260.91666666666663,66.49499999999999,77.81,110.205,68.45833333333333,164.92,28.364999999999995,80.08333333333333,107.05333333333333,164.09333333333333,91.08833333333334,2018-10-28 15:00:00
77.44833333333334,79.30833333333332,368.0216666666666,7.44,232.75833333333333,56.00666666666667,158.565,85.14666666666668,86.64499999999998,26.246666666666666,261.74333333333334,62.051666666666655,75.94999999999999,101.93833333333333,64.015,157.73833333333332,28.31333333333333,82.04666666666667,100.80166666666665,151.28,84.06166666666665,2018-10-28 16:00:00
73.72833333333332,76.57,381.3516666666667,8.06,218.29166666666663,56.885,145.6483333333333,85.86999999999999,90.26166666666666,25.678333333333335,276.62333333333333,59.10666666666667,73.83166666666666,100.80166666666665,60.86333333333333,159.75333333333333,27.383333333333333,78.53333333333333,97.13333333333333,138.415,77.91333333333333,2018-10-28 17:00:00
67.68333333333334,75.43333333333332,373.86,9.455,207.28666666666663,62.25833333333333,133.3,96.1,99.82,24.593333333333334,282.25499999999994,56.26499999999999,77.39666666666668,115.31999999999998,59.82999999999999,170.13833333333332,26.556666666666665,72.74666666666667,89.95166666666665,126.945,73.78,2018-10-28 18:00:00
62.98166666666667,74.24499999999999,358.72166666666664,11.78,198.50333333333333,68.975,122.39833333333334,100.59499999999998,108.75833333333333,23.87,273.575,53.268333333333324,81.73666666666665,125.29166666666666,58.176666666666655,172.04999999999998,24.903333333333336,70.93833333333335,82.56333333333333,116.14666666666668,73.005,2018-10-28 19:00:00
59.41666666666666,70.52499999999999,338.3133333333333,16.946666666666665,189.61666666666665,73.41833333333334,112.52999999999999,97.28833333333333,127.66833333333334,26.763333333333332,253.425,52.39,78.74,118.00666666666667,56.00666666666667,168.5883333333333,24.231666666666666,72.90166666666667,75.69166666666666,106.175,73.26333333333334,2018-10-28 20:00:00
54.56,70.42166666666668,314.75333333333333,37.251666666666665,177.32,87.575,104.315,92.79333333333334,139.345,34.92666666666666,233.3783333333333,53.01,73.47,112.89166666666667,55.438333333333325,167.60666666666665,38.54333333333333,75.27833333333332,69.285,97.34,72.33333333333333,2018-10-28 21:00:00
49.70333333333333,74.39999999999999,290.935,56.26499999999999,166.67666666666668,100.59499999999998,97.44333333333333,91.03666666666665,130.92333333333335,43.968333333333334,214.93333333333334,57.504999999999995,69.64666666666666,104.41833333333332,50.94333333333333,160.4766666666667,61.99999999999999,80.80666666666667,63.60166666666666,89.84833333333333,70.16333333333334,2018-10-28 22:00:00
46.03499999999999,75.07166666666667,270.42333333333335,61.89666666666666,156.13666666666666,101.00833333333333,89.07333333333332,89.02166666666666,123.48333333333333,50.995,199.95,64.53166666666667,66.23666666666665,97.13333333333333,46.964999999999996,149.16166666666666,69.44,83.7,57.815,82.51166666666666,67.83833333333334,2018-10-28 23:00:00
46.964999999999996,69.85333333333332,251.71999999999997,65.41,145.02833333333334,93.98166666666665,81.42666666666665,84.83666666666666,114.08,50.84,186.62,63.239999999999995,65.77166666666666,90.365,44.175,137.48499999999999,75.22666666666666,89.53833333333334,52.75166666666666,75.69166666666666,62.465,2018-10-29 00:00:00
51.40833333333333,65.92666666666666,234.87666666666667,62.87833333333334,134.59166666666667,90.21,74.39999999999999,77.75833333333333,104.98666666666666,55.74833333333333,170.96499999999997,62.72333333333333,67.37333333333333,82.97666666666666,44.123333333333335,128.13333333333333,77.75833333333333,90.26166666666666,48.25666666666667,69.54333333333332,57.55666666666667,2018-10-29 01:00:00
48.05,64.78999999999999,216.22499999999997,62.051666666666655,124.72333333333333,89.125,67.94166666666666,71.3,96.61666666666667,61.48333333333333,158.20333333333332,65.77166666666666,69.95666666666666,76.31166666666665,45.25999999999999,123.89666666666666,88.35,85.86999999999999,44.69166666666666,63.65333333333333,56.00666666666667,2018-10-29 02:00:00
43.865,63.395,198.19333333333333,64.73833333333333,114.38999999999999,82.15,62.10333333333333,65.255,88.86666666666666,70.93833333333335,145.855,62.51666666666666,64.58333333333333,70.11166666666666,45.62166666666666,124.87833333333332,98.735,79.46333333333334,42.98666666666667,58.07333333333334,61.638333333333335,2018-10-29 03:00:00
40.45499999999999,64.22166666666666,182.0733333333333,69.33666666666666,104.88333333333331,76.00166666666665,58.279999999999994,60.19166666666666,82.56333333333333,74.865,134.53999999999996,58.22833333333333,59.313333333333325,64.11833333333333,49.08333333333333,131.905,98.83833333333332,73.10833333333333,45.31166666666667,53.165000000000006,66.65,2018-10-29 04:00:00
37.76833333333333,63.55,168.22666666666666,77.70666666666666,96.92666666666666,71.40333333333332,59.93333333333332,55.334999999999994,76.31166666666665,75.94999999999999,124.05166666666665,54.404999999999994,54.81833333333333,58.89999999999999,51.40833333333333,139.19,98.32166666666666,66.96,50.22,50.529999999999994,60.915,2018-10-29 05:00:00
41.95333333333333,60.03666666666666,155.82666666666665,89.64166666666667,91.45,69.18166666666666,66.65,50.94333333333333,69.80166666666666,76.20833333333333,119.86666666666665,51.305,51.769999999999996,53.94,51.82166666666666,149.16166666666666,92.63833333333334,61.53499999999999,54.45666666666666,51.15,55.74833333333333,2018-10-29 06:00:00
59.41666666666666,59.623333333333335,145.59666666666666,93.51666666666667,87.31666666666666,72.17833333333331,73.41833333333334,48.928333333333335,63.80833333333334,79.41166666666666,123.89666666666666,51.15,51.51166666666666,49.445,55.23166666666666,150.24666666666667,88.45333333333333,58.538333333333334,57.45333333333333,53.01,51.04666666666667,2018-10-29 07:00:00
76.105,66.75333333333332,138.88,94.75666666666666,81.375,80.03166666666667,79.92833333333333,48.35999999999999,59.468333333333334,85.97333333333334,126.42833333333333,54.04333333333333,54.19833333333334,45.82833333333333,59.72666666666666,149.42,89.53833333333334,60.449999999999996,61.32833333333333,56.16166666666666,46.964999999999996,2018-10-29 08:00:00
86.8,81.42666666666665,135.72833333333332,92.845,78.94666666666666,88.505,85.61166666666665,45.20833333333333,57.143333333333324,95.22166666666668,127.82333333333334,62.25833333333333,62.72333333333333,43.555,65.51333333333334,153.03666666666663,96.61666666666667,64.42833333333334,74.55499999999999,60.295,46.964999999999996,2018-10-29 09:00:00
92.12166666666667,102.55833333333334,137.01999999999998,88.505,79.66999999999999,92.06999999999998,80.65166666666666,42.883333333333326,54.508333333333326,95.68666666666665,127.82333333333334,68.14833333333333,77.55166666666666,42.72833333333333,70.36999999999999,155.775,103.95333333333333,66.18499999999999,96.61666666666667,69.44,52.18333333333333,2018-10-29 10:00:00
93.72333333333333,125.44666666666666,132.00833333333333,82.35666666666667,78.94666666666666,96.1,82.35666666666667,45.415,52.49333333333333,100.18166666666667,130.975,66.28833333333334,100.02666666666666,43.19333333333333,68.66499999999999,152.41666666666666,108.55166666666666,63.29166666666667,118.36833333333333,83.80333333333333,52.18333333333333,2018-10-29 11:00:00
91.45,153.14,122.08833333333332,76.36333333333334,83.13166666666666,107.98333333333332,97.90833333333333,50.94333333333333,53.733333333333334,103.28166666666667,137.32999999999998,73.16,132.78333333333333,45.62166666666666,79.92833333333333,141.41166666666666,115.00999999999999,62.87833333333334,151.435,106.27833333333332,50.01333333333333,2018-10-29 12:00:00
84.73333333333332,175.40833333333333,114.44166666666665,75.94999999999999,92.74166666666666,119.04,106.175,50.32333333333334,61.79333333333333,109.37833333333333,175.20166666666665,83.95833333333333,181.76333333333335,47.223333333333336,96.77166666666668,130.3033333333333,119.14333333333333,58.176666666666655,177.63,144.97666666666666,50.065000000000005,2018-10-29 13:00:00
78.895,197.625,115.68166666666666,85.30166666666666,98.21833333333333,118.16166666666666,109.84333333333332,46.75833333333333,72.02333333333334,112.065,233.06833333333333,83.80333333333333,237.14999999999998,50.32333333333334,102.71333333333334,120.64166666666667,122.03666666666666,53.68166666666667,183.51999999999998,186.775,50.11666666666666,2018-10-29 14:00:00
73.005,223.2516666666667,122.50166666666667,87.265,97.49499999999999,110.825,120.125,43.348333333333336,82.82166666666667,133.4033333333333,281.37666666666667,95.73833333333334,265.7733333333333,55.541666666666664,116.19833333333334,110.77333333333334,126.06666666666666,49.445,179.12833333333333,219.94499999999996,46.55166666666666,2018-10-29 15:00:00
67.26999999999998,236.53,126.16999999999997,80.90999999999998,93.72333333333333,109.79166666666666,117.79999999999998,40.66166666666667,83.7,184.50166666666667,301.52666666666664,122.81166666666665,287.62833333333333,57.504999999999995,110.25666666666666,101.47333333333333,132.11166666666665,50.42666666666666,172.825,263.08666666666664,47.06833333333333,2018-10-29 16:00:00
61.69,249.39499999999998,126.99666666666667,81.01333333333334,89.79666666666667,118.41999999999999,109.99833333333333,39.88666666666666,77.34499999999998,212.29833333333332,287.67999999999995,137.38166666666666,353.555,56.833333333333336,109.17166666666667,93.05166666666666,123.69,60.708333333333336,167.86499999999998,297.0833333333333,54.663333333333334,2018-10-29 17:00:00
61.01833333333333,257.9716666666667,127.04833333333333,91.29499999999999,85.45666666666666,126.53166666666665,101.11166666666665,40.66166666666667,71.86833333333333,205.53,285.1483333333333,139.75833333333333,404.13666666666666,54.35333333333333,115.31999999999998,88.35,132.215,70.47333333333333,161.56166666666664,303.7483333333333,64.53166666666667,2018-10-29 18:00:00
71.3,248.72333333333333,140.63666666666666,100.64666666666668,81.73666666666665,130.975,101.00833333333333,41.23,69.33666666666666,197.47,271.87,147.095,409.40666666666664,53.01,119.14333333333333,95.73833333333334,153.08833333333334,82.87333333333333,155.51666666666665,298.375,84.32,2018-10-29 19:00:00
87.78166666666667,228.83166666666662,158.61666666666665,107.82833333333332,79.46333333333334,145.95833333333334,118.83333333333331,50.995,68.30333333333333,189.66833333333335,274.60833333333335,165.12666666666667,402.4833333333333,59.15833333333333,133.92,114.18333333333332,152.26166666666666,90.00333333333333,146.37166666666667,312.325,116.405,2018-10-29 20:00:00
113.66666666666667,212.09166666666667,151.12499999999997,104.62499999999999,76.77666666666666,160.5283333333333,129.8383333333333,60.55333333333333,62.67166666666667,179.79999999999998,277.81166666666667,162.54333333333335,394.52666666666664,73.36666666666666,136.45166666666665,133.92,150.40166666666667,83.39,138.82833333333332,326.01666666666665,146.26833333333335,2018-10-29 21:00:00
146.06166666666667,201.55166666666668,139.60333333333332,98.27,110.10166666666665,168.17499999999998,124.155,66.28833333333334,63.55,164.86833333333334,265.825,157.99666666666667,383.8833333333333,85.35333333333332,138.26,150.14333333333335,152.055,100.18166666666667,134.33333333333334,303.48999999999995,154.58666666666667,2018-10-29 22:00:00
163.57666666666668,194.26666666666665,132.4733333333333,91.915,155.20666666666665,181.86666666666665,123.38,68.50999999999999,70.68,153.70833333333334,261.1233333333333,151.38333333333333,395.09499999999997,90.46833333333332,134.74666666666667,151.48666666666665,152.51999999999998,127.20333333333332,133.09333333333333,312.325,149.5233333333333,2018-10-29 23:00:00
162.38833333333335,183.88166666666663,135.47,86.85166666666666,158.97833333333332,190.5983333333333,122.70833333333333,65.82333333333334,67.37333333333333,147.35333333333332,257.3,145.49333333333334,411.1633333333333,90.26166666666666,127.72,142.34166666666667,143.21999999999997,128.75333333333333,134.79833333333332,335.78166666666664,145.39,2018-10-30 00:00:00
157.015,172.87666666666667,143.99499999999998,82.40833333333333,149.10999999999999,178.35333333333332,121.62333333333333,61.06999999999999,63.395,140.42999999999998,245.6233333333333,139.035,401.55333333333334,91.24333333333333,117.23166666666667,135.88333333333333,133.14499999999998,130.045,130.09666666666666,320.0233333333333,139.345,2018-10-30 01:00:00
148.38666666666666,167.50333333333333,144.46,77.70666666666666,136.76166666666666,172.515,120.17666666666666,56.93666666666667,59.675,135.26333333333335,233.6883333333333,131.905,384.4,91.86333333333333,107.67333333333333,126.53166666666665,127.97833333333332,125.80833333333334,123.38,303.4383333333333,133.50666666666663,2018-10-30 02:00:00
140.9983333333333,163.16333333333333,139.91333333333333,73.16,125.395,165.385,119.09166666666667,54.663333333333334,57.76333333333332,134.85,221.13333333333333,123.89666666666666,370.34666666666664,92.225,99.56166666666665,116.14666666666668,125.18833333333333,124.93,117.64499999999998,288.50666666666666,127.30666666666666,2018-10-30 03:00:00
136.50333333333333,161.1483333333333,138.725,68.30333333333333,115.11333333333334,153.76000000000002,117.79999999999998,52.39,57.35,130.87166666666667,207.3383333333333,114.855,353.09,94.55,91.915,106.74333333333333,121.51999999999998,128.495,114.59666666666666,272.12833333333333,123.01833333333332,2018-10-30 04:00:00
130.51,160.06333333333333,136.76166666666666,63.70499999999999,105.65833333333333,141.205,114.28666666666665,49.39333333333333,55.38666666666667,120.95166666666665,192.25166666666667,105.29666666666668,333.25,95.06666666666666,86.69666666666667,98.01166666666666,117.54166666666666,129.06333333333333,109.94666666666667,252.33999999999995,118.52333333333333,2018-10-30 05:00:00
123.99999999999999,157.89333333333332,132.26666666666665,59.52,97.64999999999999,130.2,108.03499999999998,45.879999999999995,52.08,112.01333333333334,179.335,96.565,316.51,90.41666666666666,82.09833333333333,91.39833333333334,111.28999999999999,124.56833333333333,104.72833333333331,232.34499999999997,114.08,2018-10-30 06:00:00
116.97333333333334,154.32833333333332,127.82333333333334,54.92166666666666,91.19166666666666,120.28000000000002,99.82,42.36666666666666,48.10166666666666,103.28166666666667,168.07166666666666,88.55666666666666,296.92833333333334,84.99166666666666,75.53666666666666,87.98833333333333,103.95333333333333,116.81833333333333,99.76833333333333,213.95166666666665,109.53333333333333,2018-10-30 07:00:00
109.17166666666667,147.61166666666665,119.76333333333334,50.63333333333333,83.59666666666666,111.65166666666666,91.75999999999999,39.163333333333334,44.38166666666667,95.015,156.54999999999998,81.16833333333332,279.20666666666665,79.66999999999999,69.38833333333334,84.00999999999999,97.13333333333333,108.18999999999998,94.85999999999999,197.21166666666664,105.45166666666665,2018-10-30 08:00:00
102.455,139.035,110.77333333333334,46.39666666666667,76.67333333333333,105.555,84.00999999999999,36.425,41.333333333333336,87.31666666666666,145.39,74.71,262.8283333333333,74.71,63.75666666666666,79.72166666666666,90.93333333333332,99.71666666666665,89.89999999999999,181.40166666666667,101.73166666666667,2018-10-30 09:00:00
96.15166666666666,128.54666666666665,101.42166666666667,42.36666666666666,70.62833333333333,100.28499999999998,76.82833333333332,33.99666666666666,38.38833333333333,80.49666666666667,134.79833333333332,68.76833333333333,244.95166666666668,69.54333333333332,58.279999999999994,75.74333333333333,85.14666666666668,92.12166666666667,85.24999999999999,166.47,97.64999999999999,2018-10-30 10:00:00
89.22833333333332,119.40166666666666,92.89666666666666,38.75,65.565,92.89666666666666,70.31833333333333,31.775,35.029999999999994,74.55499999999999,125.75666666666667,63.60166666666666,227.33333333333334,64.48,53.268333333333324,71.04166666666666,79.05,86.85166666666666,81.27166666666668,152.67499999999998,93.10333333333332,2018-10-30 11:00:00
82.66666666666667,111.34166666666665,85.04333333333332,35.495000000000005,60.449999999999996,86.54166666666667,64.325,30.01833333333333,31.87833333333333,69.905,117.54166666666666,59.675,211.31666666666666,59.675,48.618333333333325,66.08166666666668,72.85,84.68166666666666,77.75833333333333,140.01666666666665,88.03999999999999,2018-10-30 12:00:00
75.89833333333334,103.12666666666667,77.86166666666666,32.394999999999996,55.644999999999996,83.75166666666667,58.89999999999999,29.449999999999996,29.243333333333336,65.46166666666667,109.01666666666665,56.21333333333334,195.50666666666666,55.541666666666664,44.38166666666667,62.67166666666667,67.16666666666667,83.28666666666666,73.935,128.34,82.66666666666667,2018-10-30 13:00:00
69.44,95.06666666666666,71.455,29.604999999999997,54.09499999999999,88.35,53.94,29.86333333333333,27.951666666666668,60.915,100.85333333333332,52.13166666666667,179.59333333333333,52.803333333333335,40.55833333333333,63.13666666666666,62.25833333333333,79.46333333333334,69.07833333333333,117.69666666666666,77.035,2018-10-30 14:00:00
63.498333333333335,87.16166666666665,65.82333333333334,27.125,58.07333333333334,93.36166666666666,49.445,29.604999999999997,28.21,56.26499999999999,92.89666666666666,47.791666666666664,164.61,50.94333333333333,37.045,64.63499999999999,58.02166666666666,74.34833333333333,63.86,107.88,71.40333333333332,2018-10-30 15:00:00
58.02166666666666,79.87666666666667,60.501666666666665,24.955,58.745,94.705,45.415,28.261666666666667,27.486666666666668,51.82166666666666,85.14666666666668,43.709999999999994,150.86666666666665,48.67,33.79,63.08499999999999,54.14666666666667,68.975,58.79666666666666,98.83833333333332,65.92666666666666,2018-10-30 16:00:00
53.061666666666675,73.21166666666666,56.42,22.88833333333333,55.334999999999994,92.12166666666667,42.004999999999995,26.866666666666667,26.453333333333333,47.42999999999999,77.965,39.99,138.31166666666667,45.105,30.845,59.72666666666666,50.94333333333333,63.96333333333333,54.04333333333333,90.51999999999998,60.708333333333336,2018-10-30 17:00:00
48.515,67.11500000000001,52.699999999999996,21.131666666666664,55.74833333333333,85.86999999999999,39.42166666666667,25.626666666666665,25.16166666666667,43.348333333333336,71.35166666666666,36.528333333333336,126.99666666666667,41.64333333333333,28.31333333333333,56.36833333333333,48.20499999999999,59.055,49.70333333333333,82.87333333333333,55.696666666666665,2018-10-30 18:00:00
44.33,61.638333333333335,48.46333333333333,19.685,56.26499999999999,78.63666666666666,37.14833333333333,24.179999999999996,23.87,39.57666666666666,65.255,33.37666666666666,116.50833333333333,38.440000000000005,26.04,52.338333333333324,45.15666666666667,54.611666666666665,45.67333333333333,75.84666666666668,51.098333333333336,2018-10-30 19:00:00
40.55833333333333,56.72999999999999,44.58833333333333,18.393333333333334,51.51166666666666,72.17833333333331,35.85666666666667,22.73333333333333,22.474999999999998,36.115,59.72666666666666,30.638333333333332,106.69166666666666,35.54666666666666,23.97333333333333,48.05,42.57333333333334,50.22,42.056666666666665,69.38833333333334,47.016666666666666,2018-10-30 20:00:00
37.045,52.028333333333336,40.868333333333325,17.46333333333333,47.17166666666666,67.26999999999998,36.78666666666667,21.33833333333333,21.18333333333333,32.96333333333333,54.611666666666665,28.21,97.70166666666667,32.86,22.165,44.33,39.834999999999994,46.24166666666667,38.75,63.498333333333335,43.709999999999994,2018-10-30 21:00:00
33.79,47.74,37.406666666666666,17.153333333333332,43.968333333333334,63.55,38.64666666666667,20.098333333333333,20.046666666666663,30.121666666666663,49.961666666666666,26.195,89.43499999999999,30.48333333333333,20.666666666666668,40.713333333333324,36.63166666666667,42.47,35.70166666666666,58.125,40.713333333333324,2018-10-30 22:00:00
30.79333333333333,43.81333333333333,34.61666666666667,18.031666666666666,41.85,59.313333333333325,40.92,18.91,18.96166666666667,27.435,45.57,24.903333333333336,81.89166666666667,28.31333333333333,19.375,37.56166666666667,33.583333333333336,39.111666666666665,33.015,53.88833333333333,38.026666666666664,2018-10-30 23:00:00
28.21,40.248333333333335,32.343333333333334,19.84,39.163333333333334,55.800000000000004,43.555,17.87666666666667,17.979999999999997,25.264999999999997,41.59166666666667,24.179999999999996,75.38166666666666,26.349999999999998,18.393333333333334,34.82333333333333,30.94833333333333,36.01166666666667,30.999999999999996,51.56333333333333,35.236666666666665,2018-10-31 00:00:00
26.14333333333333,37.045,29.76,21.64833333333333,36.115,53.733333333333334,47.016666666666666,16.946666666666665,17.256666666666664,23.714999999999996,37.92333333333334,23.97333333333333,70.78333333333333,24.438333333333333,17.87666666666667,32.55,28.571666666666662,33.27333333333333,29.295,50.42666666666666,32.65333333333333,2018-10-31 01:00:00
24.903333333333336,34.151666666666664,27.538333333333327,22.88833333333333,33.221666666666664,52.49333333333333,50.84,16.12,16.843333333333334,23.508333333333333,34.61666666666667,24.438333333333333,68.2,22.73333333333333,17.618333333333332,30.328333333333337,26.66,30.845,27.79666666666666,50.01333333333333,30.379999999999995,2018-10-31 02:00:00
24.179999999999996,31.464999999999996,25.575,24.386666666666667,30.638333333333332,52.545,54.611666666666665,15.551666666666666,17.101666666666667,23.81833333333333,31.56833333333333,25.471666666666664,67.06333333333333,21.235,17.514999999999997,28.416666666666668,25.16166666666667,28.933333333333334,26.556666666666665,50.63333333333333,28.261666666666667,2018-10-31 03:00:00
24.076666666666668,28.985000000000003,23.97333333333333,26.608333333333334,28.364999999999995,53.061666666666675,60.08833333333333,14.88,17.566666666666666,24.28333333333333,28.829999999999995,27.125,68.30333333333333,19.94333333333333,17.618333333333332,27.073333333333334,24.128333333333334,27.693333333333335,25.626666666666665,52.699999999999996,26.349999999999998,2018-10-31 04:00:00
24.231666666666666,26.763333333333332,22.939999999999998,29.50166666666667,26.298333333333332,54.56,62.72333333333333,14.414999999999997,17.979999999999997,25.05833333333333,26.349999999999998,28.623333333333328,72.59166666666667,18.85833333333333,18.083333333333332,26.66,23.404999999999998,27.176666666666666,25.471666666666664,56.00666666666667,24.593333333333334,2018-10-31 05:00:00
24.386666666666667,24.696666666666665,22.32,32.60166666666667,24.386666666666667,57.86666666666667,60.96666666666666,14.105,18.651666666666664,26.505,24.231666666666666,30.845,78.68833333333333,18.083333333333332,19.47833333333333,26.866666666666667,23.146666666666665,27.176666666666666,25.626666666666665,57.401666666666664,23.095,2018-10-31 06:00:00
24.49,22.88833333333333,21.803333333333335,36.166666666666664,22.629999999999995,61.32833333333333,58.434999999999995,13.950000000000001,19.94333333333333,29.346666666666664,22.578333333333337,34.61666666666667,86.07666666666665,17.67,21.75166666666667,27.176666666666666,23.198333333333334,27.435,25.11,54.19833333333334,21.7,2018-10-31 07:00:00
24.28333333333333,21.28666666666667,21.958333333333332,40.09333333333333,21.131666666666664,64.73833333333333,56.42,13.89833333333333,20.925,33.68666666666667,21.803333333333335,39.059999999999995,91.75999999999999,18.031666666666666,23.404999999999998,27.486666666666668,23.404999999999998,28.31333333333333,24.696666666666665,50.27166666666666,20.615,2018-10-31 08:00:00
24.593333333333334,19.891666666666666,23.198333333333334,43.09,19.736666666666665,66.49499999999999,55.59333333333332,14.156666666666665,21.441666666666663,37.56166666666667,21.28666666666667,43.19333333333333,97.90833333333333,19.426666666666666,23.404999999999998,27.951666666666668,24.076666666666668,30.121666666666663,24.74833333333333,46.44833333333333,20.098333333333333,2018-10-31 09:00:00
26.711666666666666,18.755,25.05833333333333,44.53666666666666,18.651666666666664,64.89333333333333,56.36833333333333,14.828333333333331,22.423333333333332,40.144999999999996,20.925,46.75833333333333,103.33333333333333,20.87333333333333,22.32,29.191666666666663,24.541666666666664,32.18833333333333,24.955,43.81333333333333,20.356666666666662,2018-10-31 10:00:00
28.778333333333336,17.825,27.125,46.03499999999999,17.721666666666664,61.79333333333333,55.59333333333332,15.913333333333332,23.198333333333334,40.81666666666667,19.94333333333333,48.05,110.825,22.113333333333333,21.235,30.534999999999997,24.128333333333334,34.66833333333333,25.73,43.03833333333333,21.028333333333332,2018-10-31 11:00:00
30.379999999999995,17.101666666666667,29.50166666666667,48.153333333333336,16.99833333333333,59.26166666666666,54.56,17.153333333333332,22.629999999999995,43.245000000000005,19.168333333333333,46.086666666666666,119.24666666666667,23.81833333333333,20.56333333333333,30.431666666666665,23.404999999999998,37.14833333333333,26.815,42.47,21.596666666666664,2018-10-31 12:00:00
